Sample_Size,Cash_Mean_Percentage,Cash_Standard_Error,Card_Mean_Percentage,Card_Standard_Error,Cash_CI_Lower,Cash_CI_Upper,Cash_Bias,RMSE,Margin_of_Error
30,33.36666666666667,8.595800008014251,65.46666666666665,8.913410620457743,16.666666666666664,50.0,0.3571666666666644,8.603217177635093,16.84776801570793
100,33.56,4.708120644163657,65.74,4.7531463263821365,25.0,42.0,0.5504999999999995,4.740195170032559,9.227916462560767
300,32.906666666666666,2.5978965850600497,66.26666666666667,2.636495991104693,28.31666666666667,38.0,-0.10283333333333644,2.5999310300681273,5.091877306717698
500,32.95199999999999,2.3491479306335736,66.15,2.2624544194303673,28.884999999999998,38.0,-0.05750000000001165,2.349851537863616,4.604329944041805
1000,33.00499999999999,1.5310372301155835,66.15300000000002,1.5295394731748522,30.2375,35.9,-0.004500000000014381,1.5310438432651101,3.0008329710265436
2000,32.946000000000005,1.079460050210289,66.23400000000001,1.1054609898137524,31.1475,34.97625,-0.06349999999999767,1.081326153387589,2.115741698412166
5000,33.02159999999999,0.6212096586499598,66.1204,0.628897320713007,31.895999999999997,34.309,0.012099999999989564,0.6213274901370448,1.217570930953921
